{"cameraMode":{"drawMode":0,"name":"Shaded","section":"Shading Mode"},"sceneLighting":false,"audioPlay":false,"sceneViewState":{"showFog":true,"showMaterialUpdate":false,"showSkybox":true,"showFlares":true,"showImageEffects":true,"showParticleSystems":true},"in2DMode":false,"pivot":{"x":23.12123680114746,"y":88.04275512695313,"z":-112.37716674804688},"rotation":{"x":0.4172285199165344,"y":0.019639061763882638,"z":-0.009015663526952267,"w":0.9085472822189331},"size":55.57779312133789,"orthographic":false}